Nombre_ubicacion	Sector	Distrito	Area_inf_centro
lLOS CARRIZOS	Sol	Cholchol	Cesfam Cholchol
Guinca Guenchuleo	Sol	Cholchol	Cesfam Cholchol
Ramon Ancamil	Sol	Cholchol	Cesfam Cholchol
Fermin Guenchual	Sol	Cholchol	Cesfam Cholchol
Dionisio Paillao	Sol	Cholchol	Cesfam Cholchol
Miguel Lemunao	Sol	Cholchol	Cesfam Cholchol
Benito Nain	Sol	Cholchol	Cesfam Cholchol
Juan Pedro Guilcan	Sol	Cholchol	Cesfam Cholchol
Domingo Colin	Sol	Cholchol	Cesfam Cholchol
Guenul Llancal	Sol	Cholchol	Cesfam Cholchol
Juan Curigual	Sol	Cholchol	Cesfam Cholchol
José Loncomil	Sol	Cholchol	Cesfam Cholchol
Rosario Quezada	Sol	Cholchol	Cesfam Cholchol
Domingo Marillan	Sol	Cholchol	Cesfam Cholchol
Santos Marillan	Sol	Cholchol	Cesfam Cholchol
Jacinto Carrasco Lleuvul	Sol	Cholchol	Cesfam Cholchol
Rosa Millapan	Sol	Cholchol	Cesfam Cholchol
Juan Melinao	Sol	Cholchol	Cesfam Cholchol
Juan Guaiquil	Sol	Cholchol	Cesfam Cholchol
Manuel Cayunao	Sol	Cholchol	Cesfam Cholchol
Benancio Coñoepan	Sol	Cholchol	Cesfam Cholchol
Catrileo Lleubul	Sol	Cholchol	Cesfam Cholchol
Pascual Coloma y Tripailao	Sol	Cholchol	Cesfam Cholchol
Pedro Guilcan	Sol	Cholchol	Cesfam Cholchol
Manuel Hunchunao	Sol	Cholchol	Cesfam Cholchol
Juan Millapan	Sol	Cholchol	Cesfam Cholchol
Juan Curall	Sol	Cholchol	Cesfam Cholchol
Domingo Coñoepan	Sol	Cholchol	Cesfam Cholchol
José Manuel Guilcan	Sol	Cholchol	Cesfam Cholchol
Juan Hulipan	Sol	Cholchol	Cesfam Cholchol
Juan Lienan	Sol	Cholchol	Cesfam Cholchol
Juan Colipi Huechunao	Sol	Cholchol	Cesfam Cholchol
Antonio Relmucao	Sol	Cholchol	Cesfam Cholchol
JOSÉ CHANQUEO	Sol	Tranahuillin	Cesfam Cholchol
Guinca Guenchuleo	Sol	Tranahuillin	Cesfam Cholchol
Ramon Painemal	Sol	Tranahuillin	Cesfam Cholchol
Pedro Cayuqueo	Sol	Tranahuillin	Cesfam Cholchol
Fermin Guenchual	Sol	Tranahuillin	Cesfam Cholchol
Dionisio Paillao	Sol	Tranahuillin	Cesfam Cholchol
Juan de Dios Lleuvul	Sol	Tranahuillin	Cesfam Cholchol
Francisco Curiqueo	Sol	Tranahuillin	Cesfam Cholchol
Calfulaf	Sol	Tranahuillin	Cesfam Cholchol
Mateo Yaupi	Sol	Tranahuillin	Cesfam Cholchol
Carilaf Chifca	Sol	Tranahuillin	Cesfam Cholchol
Ramon Antilaf	Sol	Tranahuillin	Cesfam Cholchol
José Traipe	Sol	Tranahuillin	Cesfam Cholchol
Gabriel Chicahual	Sol	Tranahuillin	Cesfam Cholchol
Avelino Huinca	Sol	Tranahuillin	Cesfam Cholchol
José Soto Neillai Nielaf	Sol	Tranahuillin	Cesfam Cholchol
José Loncomil	Sol	Tranahuillin	Cesfam Cholchol
Pedro Curihuinca	Sol	Tranahuillin	Cesfam Cholchol
Domingo Chañillao	Sol	Tranahuillin	Cesfam Cholchol
Antonio Tropa y Juan Santiago	Sol	Tranahuillin	Cesfam Cholchol
Rosa Millapan	Sol	Tranahuillin	Cesfam Cholchol
Calvunao Cañiupan	Sol	Tranahuillin	Cesfam Cholchol
Pascual Coloma y Tripailao	Sol	Tranahuillin	Cesfam Cholchol
Paillacura Lincomil	Sol	Tranahuillin	Cesfam Cholchol
Juan Mulato	Sol	Tranahuillin	Cesfam Cholchol
José Miguel Huaiquean	Sol	Tranahuillin	Cesfam Cholchol
Luciano Millanao	Sol	Tranahuillin	Cesfam Cholchol
Juan Calbuqueo	Sol	Tranahuillin	Cesfam Cholchol
Lorenzo Tranamil	Sol	Tranahuillin	Cesfam Cholchol
Antonio Relmucao	Sol	Tranahuillin	Cesfam Cholchol
JOSÉ NINO Y OTRO	Luna	Rapahue	PSR Malalche
TRENG-TRENG	Luna	Rapahue	PSR Malalche
RAYEN LAFKEN DE NEWENKO	Luna	Rapahue	PSR Malalche
Manuelhual	Luna	Rapahue	PSR Malalche
Francisco Maliqueo	Luna	Rapahue	PSR Malalche
Calvul Collio	Luna	Rapahue	PSR Malalche
Nahuelman	Luna	Rapahue	PSR Malalche
Ramon Painemal	Luna	Rapahue	PSR Malalche
MulatoChiguaihue	Luna	Rapahue	PSR Malalche
Rosario Morales	Luna	Rapahue	PSR Malalche
Ramon Ancamil	Luna	Rapahue	PSR Malalche
Lorenzo Calfuqueo	Luna	Rapahue	PSR Malalche
José Niño	Luna	Rapahue	PSR Malalche
Pedro Cayuqueo	Luna	Rapahue	PSR Malalche
Antonio Painemal, Juan Painenao, Collio y otros	Luna	Rapahue	PSR Malalche
Curihual	Luna	Rapahue	PSR Malalche
Juan Calbuqueo	Luna	Rapahue	PSR Malalche
Liinqueo	Luna	Rapahue	PSR Malalche
Quilimanzano-SanJose	Luna	Repocura	PSR Malalche
Quintul V. De Alcaman Cayul	Luna	Repocura	PSR Malalche
Huenchul Ancaman Colipi	Luna	Repocura	PSR Malalche
Flora Chiguaillan V. De Lienqueo	Luna	Repocura	PSR Malalche
Foyel V. De José Ñanculef	Luna	Repocura	PSR Malalche
José Curiqueo	Luna	Repocura	PSR Malalche
Juan Colipi Huechunao	Luna	Repocura	PSR Malalche
Juan Levio	Luna	Repocura	PSR Malalche
Antonio Cayul	Luna	Repocura	PSR Malalche
Lorenzo Cayul	Luna	Repocura	PSR Malalche
Juan Cayul	Luna	Repocura	PSR Malalche
Juana Cayul de Barra	Luna	Repocura	PSR Malalche
Mulato Huenulef	Luna	Repocura	PSR Malalche
Hueichao Millan	Luna	Repocura	PSR Malalche
Juan Curigual	Luna	Repocura	PSR Malalche
Guenul Llancal	Luna	Repocura	PSR Malalche
Domingo Colin	Luna	Repocura	PSR Malalche
Juan Mauricio Guaiquean	Luna	Repocura	PSR Malalche
Manuel Painenao	Luna	Repocura	PSR Malalche
Levin Lemunao	Luna	Repocura	PSR Malalche
TRENG-TRENG	Luna	Carirriñe	PSR Malalche
Huenchul Ancaman Colipi	Luna	Carirriñe	PSR Malalche
Antionio	Luna	Carirriñe	PSR Malalche
Ramon Ancamil	Luna	Carirriñe	PSR Malalche
Manuel Painenao	Luna	Carirriñe	PSR Malalche
Mulato Huenulef	Luna	Carirriñe	PSR Malalche
Juan Antonio	Luna	Carirriñe	PSR Malalche
Antonio Painemal, Juan Painenao, Collio y otros	Luna	Carirriñe	PSR Malalche
Juan Mauricio Guaiquean	Luna	Carirriñe	PSR Malalche
Hueichao Millan	Luna	Carirriñe	PSR Malalche
José Luis Collio	Luna	Carirriñe	PSR Malalche
Ignacio Carrillo	Luna	Carirriñe	PSR Malalche
Lorenzo Cayul	Luna	Carirriñe	PSR Malalche
Briones Painemal	Luna	Carirriñe	PSR Malalche
Pablo Ignacio Guichapan	Luna	Carirriñe	PSR Malalche
Antonio Bulnes Painemal	Luna	Carirriñe	PSR Malalche
Juana Quilacan de Levipil	Luna	Carirriñe	PSR Malalche
José Painemal	Luna	Carirriñe	PSR Malalche
Juan Cayul	Luna	Carirriñe	PSR Malalche
Quintul V. De Alcaman Cayul	Luna	Carirriñe	PSR Malalche
Flora Chiguaillan V. De Lienqueo	Luna	Carirriñe	PSR Malalche
Foyel V. De José Ñanculef	Luna	Carirriñe	PSR Malalche
Pedro Marin Calcucura	Luna	Repocura	PSR Huentelar
Juan Agustin Painequeo	Luna	Repocura	PSR Huentelar
Juan Nahuelpi	Luna	Repocura	PSR Huentelar
Anselmo Quintriqueo	Luna	Repocura	PSR Huentelar
Juan de Dios Huichaleo	Luna	Repocura	PSR Huentelar
Alberto Bejar	Luna	Repocura	PSR Huentelar
Juan Hulipan	Luna	Repocura	PSR Huentelar
Federico Antinao	Luna	Repocura	PSR Huentelar
Juan Lienan	Luna	Repocura	PSR Huentelar
Juan Ancaye	Luna	Repocura	PSR Huentelar
Pedro Angel Bejar	Luna	Repocura	PSR Huentelar
Juan Levio	Luna	Repocura	PSR Huentelar
Agustín Chihuaicura	Luna	Repocura	PSR Huentelar
José Epulef	Luna	Repocura	PSR Huentelar
Lorenzo Coliman	Luna	Repocura	PSR Huentelar
José Melinao	Luna	Repocura	PSR Huentelar
Huamaqui	Luna	Repocura	PSR Huamaqui
Huamaqui Alto	Luna	Repocura	PSR Huamaqui
Repocura Deuco	Luna	Repocura	PSR Huamaqui
El Aromo	Luna	Repocura	PSR Huamaqui
